Product_Name,Product_ASIN,Brand,Price,MRP,Discount,Stock_Status,Rating,Reviews,Seller,Product_Link,Reviews_Link,Scraped_At
"boAt New Launch Rockerz 650 Pro, Touch/Swipe Controls, Dolby Audio, 80Hrs Battery, 2Mics ENx, Fast Charge, App Support, Dual Pair, Bluetooth Over Ear Headphones with Mic (Iris Black)",B0DV5J28LW,boAt,"₹2,299","₹8,990",74% off,In Stock,4.2 out of 5 stars,"1,533","Amazon.com, Inc",https://www.amazon.in/sspa/click?ie=UTF8&spc=MTo2Nzc5OTE1NTM1NTk0Njk1OjE3NTg1NTM3MjU6c3BfYXRmOjMwMDQ4OTk4OTk4MjUzMjo6MDo6&url=%2FboAt-Rockerz-650-Pro-Headphones%2Fdp%2FB0DV5J28LW%2Fref%3Dsr_1_1_sspa%3Fdib%3DeyJ2IjoiMSJ9.mAOnHCmz5d4_zOKs1z0RbD_NGNTcXKC2N_1_W2afBmCuaeD1_ya9RfKH2DdfAmcn4Dz5cSb71tfyPWzbCeZIsfWSWP2M0rmeWr-skayKZw3ujQ34M0qcRaAmBDhKlvXZ3ohLldVlHMFCyL-DHgaixIy1aJ2AVL2wKoQv9fBtA0fzv8Th8QO8B0FhLedUG9gpegDRI0A5D9KOe4EOt-B_QMpXm0D3uRYYwb5YLvGFizY.rZ0ErfuegNP8jtqbyvhmyOWyofCyDD461PbFA3WXeMg%26dib_tag%3Dse%26keywords%3Dheadphones%26qid%3D1758553725%26sr%3D8-1-spons%26sp_csd%3Dd2lkZ2V0TmFtZT1zcF9hdGY%26psc%3D1&aref=lwDg3zjXJT&sp_cr=ZAZ,https://amazon.in/product-reviews/B0DV5J28LW/ref=cm_cr_dp_d_show_all_btm?ie=UTF8&reviewerType=all_reviews,2025-09-22 20:38:49
"soundcore by Anker Q20i Wireless Bluetooth Over-Ear Headphones with Hybrid Active Noise Cancelling, 40h Playtime in ANC Mode, Hi-Res Audio, Deep Bass, Personalization via App (Black)",B0C3HCD34R,Anker,"₹3,659","₹5,999",39% off,In Stock,4.3 out of 5 stars,"37,427","Amazon.com, Inc",https://www.amazon.in/sspa/click?ie=UTF8&spc=MTo2Nzc5OTE1NTM1NTk0Njk1OjE3NTg1NTM3MjU6c3BfYXRmOjMwMDY4OTQ2MDczMzEzMjo6MDo6&url=%2Fsoundcore-Bluetooth-Headphones-Cancelling-Personalization%2Fdp%2FB0C3HCD34R%2Fref%3Dsr_1_2_sspa%3Fdib%3DeyJ2IjoiMSJ9.mAOnHCmz5d4_zOKs1z0RbD_NGNTcXKC2N_1_W2afBmCuaeD1_ya9RfKH2DdfAmcn4Dz5cSb71tfyPWzbCeZIsfWSWP2M0rmeWr-skayKZw3ujQ34M0qcRaAmBDhKlvXZ3ohLldVlHMFCyL-DHgaixIy1aJ2AVL2wKoQv9fBtA0fzv8Th8QO8B0FhLedUG9gpegDRI0A5D9KOe4EOt-B_QMpXm0D3uRYYwb5YLvGFizY.rZ0ErfuegNP8jtqbyvhmyOWyofCyDD461PbFA3WXeMg%26dib_tag%3Dse%26keywords%3Dheadphones%26qid%3D1758553725%26sr%3D8-2-spons%26sp_csd%3Dd2lkZ2V0TmFtZT1zcF9hdGY%26psc%3D1&aref=srWVtedvxq&sp_cr=ZAZ,https://amazon.in/product-reviews/B0C3HCD34R/ref=cm_cr_dp_d_show_all_btm?ie=UTF8&reviewerType=all_reviews,2025-09-22 20:38:54
Boat BassHeads 100 in-Ear Headphones with Mic (Black),B071Z8M4KX,Boat,₹349,₹999,65% off,In Stock,4.1 out of 5 stars,"426,409","Amazon.com, Inc",https://www.amazon.in/boAt-BassHeads-100-Headphones-Black/dp/B071Z8M4KX/ref=sr_1_3?dib=eyJ2IjoiMSJ9.mAOnHCmz5d4_zOKs1z0RbD_NGNTcXKC2N_1_W2afBmCuaeD1_ya9RfKH2DdfAmcn4Dz5cSb71tfyPWzbCeZIsfWSWP2M0rmeWr-skayKZw3ujQ34M0qcRaAmBDhKlvXZ3ohLldVlHMFCyL-DHgaixIy1aJ2AVL2wKoQv9fBtA0fzv8Th8QO8B0FhLedUG9gpegDRI0A5D9KOe4EOt-B_QMpXm0D3uRYYwb5YLvGFizY.rZ0ErfuegNP8jtqbyvhmyOWyofCyDD461PbFA3WXeMg&dib_tag=se&keywords=headphones&qid=1758553725&sr=8-3,https://amazon.in/product-reviews/B071Z8M4KX/ref=cm_cr_dp_d_show_all_btm?ie=UTF8&reviewerType=all_reviews,2025-09-22 20:38:58
"boAt Rockerz 411 (2025 Launch), 40Ms Low Latency, 40Hrs Battery, 40Mm Drivers, Enx Tech, Integrated Controls, V5.4 Bluetooth Headphones, Wireless Over Ear Headphone with Mic (Active Black)",B0FC2Y8XYF,boAt,"₹1,099","₹2,999",63% off,In Stock,4.2 out of 5 stars,"27,040","Amazon.com, Inc",https://www.amazon.in/boAt-Integrated-Bluetooth-Headphones-Headphone/dp/B0FC2Y8XYF/ref=sr_1_4?dib=eyJ2IjoiMSJ9.mAOnHCmz5d4_zOKs1z0RbD_NGNTcXKC2N_1_W2afBmCuaeD1_ya9RfKH2DdfAmcn4Dz5cSb71tfyPWzbCeZIsfWSWP2M0rmeWr-skayKZw3ujQ34M0qcRaAmBDhKlvXZ3ohLldVlHMFCyL-DHgaixIy1aJ2AVL2wKoQv9fBtA0fzv8Th8QO8B0FhLedUG9gpegDRI0A5D9KOe4EOt-B_QMpXm0D3uRYYwb5YLvGFizY.rZ0ErfuegNP8jtqbyvhmyOWyofCyDD461PbFA3WXeMg&dib_tag=se&keywords=headphones&qid=1758553725&sr=8-4,https://amazon.in/product-reviews/B0FC2Y8XYF/ref=cm_cr_dp_d_show_all_btm?ie=UTF8&reviewerType=all_reviews,2025-09-22 20:39:01
"boAt Rockerz 421 (2025 Launch), 40Hrs Battery, Low Latency(40Ms), 40Mm Drivers, Enx Technology, Integrated Controls, V5.4 Bluetooth Headphones, Wireless Over Ear Headphone with Mic (Bold Blue)",B0F7LY85KB,boAt,"₹1,199","₹2,490",52% off,In Stock,4.3 out of 5 stars,616,"Amazon.com, Inc",https://www.amazon.in/boAt-Rockerz-Technology-Integrated-Headphones/dp/B0F7LY85KB/ref=sr_1_5?dib=eyJ2IjoiMSJ9.mAOnHCmz5d4_zOKs1z0RbD_NGNTcXKC2N_1_W2afBmCuaeD1_ya9RfKH2DdfAmcn4Dz5cSb71tfyPWzbCeZIsfWSWP2M0rmeWr-skayKZw3ujQ34M0qcRaAmBDhKlvXZ3ohLldVlHMFCyL-DHgaixIy1aJ2AVL2wKoQv9fBtA0fzv8Th8QO8B0FhLedUG9gpegDRI0A5D9KOe4EOt-B_QMpXm0D3uRYYwb5YLvGFizY.rZ0ErfuegNP8jtqbyvhmyOWyofCyDD461PbFA3WXeMg&dib_tag=se&keywords=headphones&qid=1758553725&sr=8-5,https://amazon.in/product-reviews/B0F7LY85KB/ref=cm_cr_dp_d_show_all_btm?ie=UTF8&reviewerType=all_reviews,2025-09-22 20:39:05
"JBL Tune 510BT, On Ear Wireless Headphones with Mic, up to 40 Hours Playtime, Pure Bass, Quick Charging, Dual Pairing, Bluetooth 5.0 & Voice Assistant Support for Mobile Phones (Black)",B08QTYYNDN,JBL,"₹1,999","₹4,449",55% off,In Stock,4.0 out of 5 stars,"26,274","Amazon.com, Inc",https://www.amazon.in/JBL-Wireless-Headphones-Bluetooth-Assistant/dp/B08QTYYNDN/ref=sr_1_6?dib=eyJ2IjoiMSJ9.mAOnHCmz5d4_zOKs1z0RbD_NGNTcXKC2N_1_W2afBmCuaeD1_ya9RfKH2DdfAmcn4Dz5cSb71tfyPWzbCeZIsfWSWP2M0rmeWr-skayKZw3ujQ34M0qcRaAmBDhKlvXZ3ohLldVlHMFCyL-DHgaixIy1aJ2AVL2wKoQv9fBtA0fzv8Th8QO8B0FhLedUG9gpegDRI0A5D9KOe4EOt-B_QMpXm0D3uRYYwb5YLvGFizY.rZ0ErfuegNP8jtqbyvhmyOWyofCyDD461PbFA3WXeMg&dib_tag=se&keywords=headphones&qid=1758553725&sr=8-6,https://amazon.in/product-reviews/B08QTYYNDN/ref=cm_cr_dp_d_show_all_btm?ie=UTF8&reviewerType=all_reviews,2025-09-22 20:39:09
"boAt Rockerz 113 (2025 Launch), 40 Hrs Playback, Dual Pair, Fast Charge, Enx Tech, Low Latency, Magnetic Buds, Bluetooth Neckband, Wireless with Mic in Ear Earphones(Active Black)",B0F7Y54PJX,boAt,₹699,"₹2,490",72% off,In Stock,4.0 out of 5 stars,"1,914","Amazon.com, Inc",https://www.amazon.in/boAt-Rockerz-Playback-Bluetooth-Earphones/dp/B0F7Y54PJX/ref=sr_1_7?dib=eyJ2IjoiMSJ9.mAOnHCmz5d4_zOKs1z0RbD_NGNTcXKC2N_1_W2afBmCuaeD1_ya9RfKH2DdfAmcn4Dz5cSb71tfyPWzbCeZIsfWSWP2M0rmeWr-skayKZw3ujQ34M0qcRaAmBDhKlvXZ3ohLldVlHMFCyL-DHgaixIy1aJ2AVL2wKoQv9fBtA0fzv8Th8QO8B0FhLedUG9gpegDRI0A5D9KOe4EOt-B_QMpXm0D3uRYYwb5YLvGFizY.rZ0ErfuegNP8jtqbyvhmyOWyofCyDD461PbFA3WXeMg&dib_tag=se&keywords=headphones&qid=1758553725&sr=8-7,https://amazon.in/product-reviews/B0F7Y54PJX/ref=cm_cr_dp_d_show_all_btm?ie=UTF8&reviewerType=all_reviews,2025-09-22 20:39:12
"boAt Rockerz 550/Rockerz 558 Over Ear Bluetooth Headphones with Upto 20 Hours Playback, 50MM Drivers, Soft Padded Ear Cushions and Physical Noise Isolation(Black)",B0856HY85J,boAt,"₹1,299","₹4,999",74% off,In Stock,4.0 out of 5 stars,"64,971","Amazon.com, Inc",https://www.amazon.in/boAt-Bluetooth-Headphones-Playback-Isolation/dp/B0856HY85J/ref=sr_1_8?dib=eyJ2IjoiMSJ9.mAOnHCmz5d4_zOKs1z0RbD_NGNTcXKC2N_1_W2afBmCuaeD1_ya9RfKH2DdfAmcn4Dz5cSb71tfyPWzbCeZIsfWSWP2M0rmeWr-skayKZw3ujQ34M0qcRaAmBDhKlvXZ3ohLldVlHMFCyL-DHgaixIy1aJ2AVL2wKoQv9fBtA0fzv8Th8QO8B0FhLedUG9gpegDRI0A5D9KOe4EOt-B_QMpXm0D3uRYYwb5YLvGFizY.rZ0ErfuegNP8jtqbyvhmyOWyofCyDD461PbFA3WXeMg&dib_tag=se&keywords=headphones&qid=1758553725&sr=8-8,https://amazon.in/product-reviews/B0856HY85J/ref=cm_cr_dp_d_show_all_btm?ie=UTF8&reviewerType=all_reviews,2025-09-22 20:39:16
"boAt Rockerz 480 W/RGB LEDs, 6 Light Modes, 40Mm Drivers, Beast Mode, 60Hrs Playback, Enx Tech, BT V5.3, Adaptive Fit & Easy Access Controls, Bluetooth Over Ear Headphones(Black Sabre)",B0DGTSRX3R,boAt,"₹1,499","₹3,790",60% off,In Stock,4.1 out of 5 stars,"2,475","Amazon.com, Inc",https://www.amazon.in/boAt-Rockerz-480-Bluetooth-Headphones/dp/B0DGTSRX3R/ref=sr_1_9?dib=eyJ2IjoiMSJ9.mAOnHCmz5d4_zOKs1z0RbD_NGNTcXKC2N_1_W2afBmCuaeD1_ya9RfKH2DdfAmcn4Dz5cSb71tfyPWzbCeZIsfWSWP2M0rmeWr-skayKZw3ujQ34M0qcRaAmBDhKlvXZ3ohLldVlHMFCyL-DHgaixIy1aJ2AVL2wKoQv9fBtA0fzv8Th8QO8B0FhLedUG9gpegDRI0A5D9KOe4EOt-B_QMpXm0D3uRYYwb5YLvGFizY.rZ0ErfuegNP8jtqbyvhmyOWyofCyDD461PbFA3WXeMg&dib_tag=se&keywords=headphones&qid=1758553725&sr=8-9,https://amazon.in/product-reviews/B0DGTSRX3R/ref=cm_cr_dp_d_show_all_btm?ie=UTF8&reviewerType=all_reviews,2025-09-22 20:39:20
"boAt Rockerz 480 W/RGB LEDs, 6 Light Modes, 40Mm Drivers, Beast Mode, 60Hrs Playback, Enx Tech, BT V5.3, Adaptive Fit & Easy Access Controls, Bluetooth Over Ear Headphones(White Sabre)",B0DGTTKCJX,boAt,"₹1,499","₹3,790",60% off,In Stock,4.1 out of 5 stars,"2,475","Amazon.com, Inc",https://www.amazon.in/boAt-Rockerz-480-Bluetooth-Headphones/dp/B0DGTTKCJX/ref=sr_1_10?dib=eyJ2IjoiMSJ9.mAOnHCmz5d4_zOKs1z0RbD_NGNTcXKC2N_1_W2afBmCuaeD1_ya9RfKH2DdfAmcn4Dz5cSb71tfyPWzbCeZIsfWSWP2M0rmeWr-skayKZw3ujQ34M0qcRaAmBDhKlvXZ3ohLldVlHMFCyL-DHgaixIy1aJ2AVL2wKoQv9fBtA0fzv8Th8QO8B0FhLedUG9gpegDRI0A5D9KOe4EOt-B_QMpXm0D3uRYYwb5YLvGFizY.rZ0ErfuegNP8jtqbyvhmyOWyofCyDD461PbFA3WXeMg&dib_tag=se&keywords=headphones&qid=1758553725&sr=8-10,https://amazon.in/product-reviews/B0DGTTKCJX/ref=cm_cr_dp_d_show_all_btm?ie=UTF8&reviewerType=all_reviews,2025-09-22 20:39:24
"boAt Rockerz 421 (2025 Launch), 40Hrs Battery, Low Latency(40Ms), 40Mm Drivers, Enx Technology, Integrated Controls, V5.4 Bluetooth Headphones, Wireless Over Ear Headphone with Mic (Bold Blue)",B0F7LY85KB,boAt,"₹1,199","₹2,490",52% off,In Stock,4.3 out of 5 stars,616,"Amazon.com, Inc",https://www.amazon.in/sspa/click?ie=UTF8&spc=MTo2Nzc5OTE1NTM1NTk0Njk1OjE3NTg1NTM3MjU6c3BfbXRmOjMwMDY0MTM2NDk0MzczMjo6MDo6&url=%2FboAt-Rockerz-Technology-Integrated-Headphones%2Fdp%2FB0F7LY85KB%2Fref%3Dsr_1_11_sspa%3Fdib%3DeyJ2IjoiMSJ9.mAOnHCmz5d4_zOKs1z0RbD_NGNTcXKC2N_1_W2afBmCuaeD1_ya9RfKH2DdfAmcn4Dz5cSb71tfyPWzbCeZIsfWSWP2M0rmeWr-skayKZw3ujQ34M0qcRaAmBDhKlvXZ3ohLldVlHMFCyL-DHgaixIy1aJ2AVL2wKoQv9fBtA0fzv8Th8QO8B0FhLedUG9gpegDRI0A5D9KOe4EOt-B_QMpXm0D3uRYYwb5YLvGFizY.rZ0ErfuegNP8jtqbyvhmyOWyofCyDD461PbFA3WXeMg%26dib_tag%3Dse%26keywords%3Dheadphones%26qid%3D1758553725%26sr%3D8-11-spons%26sp_csd%3Dd2lkZ2V0TmFtZT1zcF9tdGY%26psc%3D1&aref=xdwjSKyhAh&sp_cr=ZAZ,https://amazon.in/product-reviews/B0F7LY85KB/ref=cm_cr_dp_d_show_all_btm?ie=UTF8&reviewerType=all_reviews,2025-09-22 20:39:28
"JBL New Launch Tune Beam 2 TWS, ANC Earbuds, 48Hr Playtime,Dual Connect, Ambient Aware, Relax Mode, Customized EQ with Headphones App, 6 Mics for Clear Calls, Spatial Sound, Personi-Fi 3.0 (Black)",B0DK3W2XK3,JBL,"₹4,999","₹8,999",44% off,In Stock,3.8 out of 5 stars,788,"Amazon.com, Inc",https://www.amazon.in/sspa/click?ie=UTF8&spc=MTo2Nzc5OTE1NTM1NTk0Njk1OjE3NTg1NTM3MjU6c3BfbXRmOjMwMDUzNjQ4MzI4ODkzMjo6MDo6&url=%2FJBL-Playtime-Customized-Headphones-Personi-Fi%2Fdp%2FB0DK3W2XK3%2Fref%3Dsr_1_12_sspa%3Fdib%3DeyJ2IjoiMSJ9.mAOnHCmz5d4_zOKs1z0RbD_NGNTcXKC2N_1_W2afBmCuaeD1_ya9RfKH2DdfAmcn4Dz5cSb71tfyPWzbCeZIsfWSWP2M0rmeWr-skayKZw3ujQ34M0qcRaAmBDhKlvXZ3ohLldVlHMFCyL-DHgaixIy1aJ2AVL2wKoQv9fBtA0fzv8Th8QO8B0FhLedUG9gpegDRI0A5D9KOe4EOt-B_QMpXm0D3uRYYwb5YLvGFizY.rZ0ErfuegNP8jtqbyvhmyOWyofCyDD461PbFA3WXeMg%26dib_tag%3Dse%26keywords%3Dheadphones%26qid%3D1758553725%26sr%3D8-12-spons%26sp_csd%3Dd2lkZ2V0TmFtZT1zcF9tdGY%26psc%3D1&aref=LVaOWMw9uS&sp_cr=ZAZ,https://amazon.in/product-reviews/B0DK3W2XK3/ref=cm_cr_dp_d_show_all_btm?ie=UTF8&reviewerType=all_reviews,2025-09-22 20:39:32
"boAt Bassheads 900 Pro Wired Headphones with 40Mm Drivers, Lightweight Foldable Design, Over Ear, Remote Control, Unidirectional Retractable Mic, Adjustable Headband & USB Type-A Compatibility(Black)",B0DHDDF5J2,boAt,₹999,"₹4,990",80% off,In Stock,4.1 out of 5 stars,"99,601","Amazon.com, Inc",https://www.amazon.in/boAt-Bassheads-900-Pro-Unidirectional/dp/B0DHDDF5J2/ref=sr_1_13?dib=eyJ2IjoiMSJ9.mAOnHCmz5d4_zOKs1z0RbD_NGNTcXKC2N_1_W2afBmCuaeD1_ya9RfKH2DdfAmcn4Dz5cSb71tfyPWzbCeZIsfWSWP2M0rmeWr-skayKZw3ujQ34M0qcRaAmBDhKlvXZ3ohLldVlHMFCyL-DHgaixIy1aJ2AVL2wKoQv9fBtA0fzv8Th8QO8B0FhLedUG9gpegDRI0A5D9KOe4EOt-B_QMpXm0D3uRYYwb5YLvGFizY.rZ0ErfuegNP8jtqbyvhmyOWyofCyDD461PbFA3WXeMg&dib_tag=se&keywords=headphones&qid=1758553725&sr=8-13,https://amazon.in/product-reviews/B0DHDDF5J2/ref=cm_cr_dp_d_show_all_btm?ie=UTF8&reviewerType=all_reviews,2025-09-22 20:39:35
"boAt BassHeads 225 in-Ear Super Extra Bass Wired Headphones, with Mic (Black)",B01M9C51T9,boAt,₹399,₹999,60% off,In Stock,4.0 out of 5 stars,"116,515","Amazon.com, Inc",https://www.amazon.in/BassHeads-225-Super-Extra-Headphones/dp/B01M9C51T9/ref=sr_1_14?dib=eyJ2IjoiMSJ9.mAOnHCmz5d4_zOKs1z0RbD_NGNTcXKC2N_1_W2afBmCuaeD1_ya9RfKH2DdfAmcn4Dz5cSb71tfyPWzbCeZIsfWSWP2M0rmeWr-skayKZw3ujQ34M0qcRaAmBDhKlvXZ3ohLldVlHMFCyL-DHgaixIy1aJ2AVL2wKoQv9fBtA0fzv8Th8QO8B0FhLedUG9gpegDRI0A5D9KOe4EOt-B_QMpXm0D3uRYYwb5YLvGFizY.rZ0ErfuegNP8jtqbyvhmyOWyofCyDD461PbFA3WXeMg&dib_tag=se&keywords=headphones&qid=1758553725&sr=8-14,https://amazon.in/product-reviews/B01M9C51T9/ref=cm_cr_dp_d_show_all_btm?ie=UTF8&reviewerType=all_reviews,2025-09-22 20:39:39
"ZEBRONICS THUNDER Bluetooth 5.3 Wireless Headphones with 60H Backup, Gaming Mode, Dual Pairing, ENC, AUX, Micro SD, Voice assistant, Comfortable Earcups, Call Function(Black)",B07L8KNP5F,ZEBRONICS,₹599,"₹1,199",50% off,In Stock,3.7 out of 5 stars,"25,650","Amazon.com, Inc",https://www.amazon.in/ZEBRONICS-Bluetooth-Headphones-assistant-Comfortable/dp/B07L8KNP5F/ref=sr_1_15?dib=eyJ2IjoiMSJ9.mAOnHCmz5d4_zOKs1z0RbD_NGNTcXKC2N_1_W2afBmCuaeD1_ya9RfKH2DdfAmcn4Dz5cSb71tfyPWzbCeZIsfWSWP2M0rmeWr-skayKZw3ujQ34M0qcRaAmBDhKlvXZ3ohLldVlHMFCyL-DHgaixIy1aJ2AVL2wKoQv9fBtA0fzv8Th8QO8B0FhLedUG9gpegDRI0A5D9KOe4EOt-B_QMpXm0D3uRYYwb5YLvGFizY.rZ0ErfuegNP8jtqbyvhmyOWyofCyDD461PbFA3WXeMg&dib_tag=se&keywords=headphones&qid=1758553725&sr=8-15,https://amazon.in/product-reviews/B07L8KNP5F/ref=cm_cr_dp_d_show_all_btm?ie=UTF8&reviewerType=all_reviews,2025-09-22 20:39:43
"boAt Rockerz 421 (2025 Launch), 40Hrs Battery, Low Latency(40Ms), 40Mm Drivers, Enx Technology, Integrated Controls, V5.4 Bluetooth Headphones, Wireless Over Ear Headphone with Mic (Black Sabre)",B0F7M3Q8DV,boAt,"₹1,199","₹2,490",52% off,In Stock,4.3 out of 5 stars,616,"Amazon.com, Inc",https://www.amazon.in/boAt-Rockerz-Technology-Integrated-Headphones/dp/B0F7M3Q8DV/ref=sr_1_16?dib=eyJ2IjoiMSJ9.mAOnHCmz5d4_zOKs1z0RbD_NGNTcXKC2N_1_W2afBmCuaeD1_ya9RfKH2DdfAmcn4Dz5cSb71tfyPWzbCeZIsfWSWP2M0rmeWr-skayKZw3ujQ34M0qcRaAmBDhKlvXZ3ohLldVlHMFCyL-DHgaixIy1aJ2AVL2wKoQv9fBtA0fzv8Th8QO8B0FhLedUG9gpegDRI0A5D9KOe4EOt-B_QMpXm0D3uRYYwb5YLvGFizY.rZ0ErfuegNP8jtqbyvhmyOWyofCyDD461PbFA3WXeMg&dib_tag=se&keywords=headphones&qid=1758553725&sr=8-16,https://amazon.in/product-reviews/B0F7M3Q8DV/ref=cm_cr_dp_d_show_all_btm?ie=UTF8&reviewerType=all_reviews,2025-09-22 20:39:47
"JBL Tune 770NC Wireless Over Ear ANC Headphones with Mic, Upto 70 Hrs Battery, Speed Charge : 5 min Charge Gives up to 3H of Playback, Google Fast Pair, Dual Pairing, BT 5.3 (Black)",B09CYX92NB,JBL,"₹4,999","₹9,999",50% off,In Stock,4.0 out of 5 stars,"26,112","Amazon.com, Inc",https://www.amazon.in/JBL-Wireless-Headphones-Speedcharge-Customize/dp/B09CYX92NB/ref=sr_1_17?dib=eyJ2IjoiMSJ9.mAOnHCmz5d4_zOKs1z0RbD_NGNTcXKC2N_1_W2afBmCuaeD1_ya9RfKH2DdfAmcn4Dz5cSb71tfyPWzbCeZIsfWSWP2M0rmeWr-skayKZw3ujQ34M0qcRaAmBDhKlvXZ3ohLldVlHMFCyL-DHgaixIy1aJ2AVL2wKoQv9fBtA0fzv8Th8QO8B0FhLedUG9gpegDRI0A5D9KOe4EOt-B_QMpXm0D3uRYYwb5YLvGFizY.rZ0ErfuegNP8jtqbyvhmyOWyofCyDD461PbFA3WXeMg&dib_tag=se&keywords=headphones&qid=1758553725&sr=8-17,https://amazon.in/product-reviews/B09CYX92NB/ref=cm_cr_dp_d_show_all_btm?ie=UTF8&reviewerType=all_reviews,2025-09-22 20:39:50
"pTron Studio Evo 70hrs Playtime Wireless Over Ear Headphones with HD Mic, Low-Latency Game/Movie/Music Modes, Punchy Bass, BT5.3, Dual Device Pairing, Voice Assistant & Type-C Fast Charging (Black)",B0DQ212KP4,pTron,₹699,"₹3,199",78% off,In Stock,4.3 out of 5 stars,226,"Amazon.com, Inc",https://www.amazon.in/pTron-Studio-Headphones-Low-Latency-Assistant/dp/B0DQ212KP4/ref=sr_1_18?dib=eyJ2IjoiMSJ9.mAOnHCmz5d4_zOKs1z0RbD_NGNTcXKC2N_1_W2afBmCuaeD1_ya9RfKH2DdfAmcn4Dz5cSb71tfyPWzbCeZIsfWSWP2M0rmeWr-skayKZw3ujQ34M0qcRaAmBDhKlvXZ3ohLldVlHMFCyL-DHgaixIy1aJ2AVL2wKoQv9fBtA0fzv8Th8QO8B0FhLedUG9gpegDRI0A5D9KOe4EOt-B_QMpXm0D3uRYYwb5YLvGFizY.rZ0ErfuegNP8jtqbyvhmyOWyofCyDD461PbFA3WXeMg&dib_tag=se&keywords=headphones&qid=1758553725&sr=8-18,https://amazon.in/product-reviews/B0DQ212KP4/ref=cm_cr_dp_d_show_all_btm?ie=UTF8&reviewerType=all_reviews,2025-09-22 20:39:55
"Ambrane Wired Headphones in Earphones with in-Line Mic for Clear Calling, 14Mm Dynamic Drivers for Boostedbass, 3.5Mm Jack, Multi-Functional Controller (Stringz 38 Lite, Blue)",B0DQPKH93F,Ambrane,₹179,₹449,60% off,In Stock,3.8 out of 5 stars,"6,709","Amazon.com, Inc",https://www.amazon.in/Ambrane-Boostedbass-Multi-Functional-Stringz-Lite/dp/B0DQPKH93F/ref=sr_1_19?dib=eyJ2IjoiMSJ9.mAOnHCmz5d4_zOKs1z0RbD_NGNTcXKC2N_1_W2afBmCuaeD1_ya9RfKH2DdfAmcn4Dz5cSb71tfyPWzbCeZIsfWSWP2M0rmeWr-skayKZw3ujQ34M0qcRaAmBDhKlvXZ3ohLldVlHMFCyL-DHgaixIy1aJ2AVL2wKoQv9fBtA0fzv8Th8QO8B0FhLedUG9gpegDRI0A5D9KOe4EOt-B_QMpXm0D3uRYYwb5YLvGFizY.rZ0ErfuegNP8jtqbyvhmyOWyofCyDD461PbFA3WXeMg&dib_tag=se&keywords=headphones&qid=1758553725&sr=8-19,https://amazon.in/product-reviews/B0DQPKH93F/ref=cm_cr_dp_d_show_all_btm?ie=UTF8&reviewerType=all_reviews,2025-09-22 20:40:01
"Sony WH-CH720N Active Noise Cancellation Wireless Bluetooth Over Ear Headphones with Mic, Adaptive Sound Control, Quick Charge, Up to 35Hrs Battery, Customized EQ- Black",B0BS1QCFHX,Sony,"₹7,899","₹14,990",47% off,In Stock,4.3 out of 5 stars,"12,548","Amazon.com, Inc",https://www.amazon.in/Sony-Cancellation-Headphones-Multi-Point-Connection/dp/B0BS1QCFHX/ref=sr_1_20?dib=eyJ2IjoiMSJ9.mAOnHCmz5d4_zOKs1z0RbD_NGNTcXKC2N_1_W2afBmCuaeD1_ya9RfKH2DdfAmcn4Dz5cSb71tfyPWzbCeZIsfWSWP2M0rmeWr-skayKZw3ujQ34M0qcRaAmBDhKlvXZ3ohLldVlHMFCyL-DHgaixIy1aJ2AVL2wKoQv9fBtA0fzv8Th8QO8B0FhLedUG9gpegDRI0A5D9KOe4EOt-B_QMpXm0D3uRYYwb5YLvGFizY.rZ0ErfuegNP8jtqbyvhmyOWyofCyDD461PbFA3WXeMg&dib_tag=se&keywords=headphones&qid=1758553725&sr=8-20,https://amazon.in/product-reviews/B0BS1QCFHX/ref=cm_cr_dp_d_show_all_btm?ie=UTF8&reviewerType=all_reviews,2025-09-22 20:40:05
"Noise Airwave Max 5 Wireless Over-Ear Headphones with Adaptive Hybrid ANC (up to 50dB), HFA Tech, 80H Playtime, Dual Pairing(Calm Beige)",B0DGV6TB8D,Noise,"₹3,999","₹5,999",33% off,In Stock,4.2 out of 5 stars,288,"Amazon.com, Inc",https://www.amazon.in/sspa/click?ie=UTF8&spc=MTo2Nzc5OTE1NTM1NTk0Njk1OjE3NTg1NTM3MjU6c3BfYnRmOjMwMDQ2NzQwNjY1NDczMjo6MDo6&url=%2FNoise-Launched-Wireless-Over-Ear-Headphones%2Fdp%2FB0DGV6TB8D%2Fref%3Dsr_1_21_sspa%3Fdib%3DeyJ2IjoiMSJ9.mAOnHCmz5d4_zOKs1z0RbD_NGNTcXKC2N_1_W2afBmCuaeD1_ya9RfKH2DdfAmcn4Dz5cSb71tfyPWzbCeZIsfWSWP2M0rmeWr-skayKZw3ujQ34M0qcRaAmBDhKlvXZ3ohLldVlHMFCyL-DHgaixIy1aJ2AVL2wKoQv9fBtA0fzv8Th8QO8B0FhLedUG9gpegDRI0A5D9KOe4EOt-B_QMpXm0D3uRYYwb5YLvGFizY.rZ0ErfuegNP8jtqbyvhmyOWyofCyDD461PbFA3WXeMg%26dib_tag%3Dse%26keywords%3Dheadphones%26qid%3D1758553725%26sr%3D8-21-spons%26sp_csd%3Dd2lkZ2V0TmFtZT1zcF9idGY%26psc%3D1&aref=uMCkTX6pT7&sp_cr=ZAZ,https://amazon.in/product-reviews/B0DGV6TB8D/ref=cm_cr_dp_d_show_all_btm?ie=UTF8&reviewerType=all_reviews,2025-09-22 20:40:09
"HP H200 On Ear Wireless Headset, Black",B0DHKJ5HWL,HP,₹999,"₹3,749",73% off,In Stock,4.1 out of 5 stars,327,"Amazon.com, Inc",https://www.amazon.in/sspa/click?ie=UTF8&spc=MTo2Nzc5OTE1NTM1NTk0Njk1OjE3NTg1NTM3MjU6c3BfYnRmOjMwMDU0MTAxOTQzMjQzMjo6MDo6&url=%2FHP-99Y16AA-H200-Wireless-Headset%2Fdp%2FB0DHKJ5HWL%2Fref%3Dsr_1_22_sspa%3Fdib%3DeyJ2IjoiMSJ9.mAOnHCmz5d4_zOKs1z0RbD_NGNTcXKC2N_1_W2afBmCuaeD1_ya9RfKH2DdfAmcn4Dz5cSb71tfyPWzbCeZIsfWSWP2M0rmeWr-skayKZw3ujQ34M0qcRaAmBDhKlvXZ3ohLldVlHMFCyL-DHgaixIy1aJ2AVL2wKoQv9fBtA0fzv8Th8QO8B0FhLedUG9gpegDRI0A5D9KOe4EOt-B_QMpXm0D3uRYYwb5YLvGFizY.rZ0ErfuegNP8jtqbyvhmyOWyofCyDD461PbFA3WXeMg%26dib_tag%3Dse%26keywords%3Dheadphones%26qid%3D1758553725%26sr%3D8-22-spons%26sp_csd%3Dd2lkZ2V0TmFtZT1zcF9idGY%26psc%3D1&aref=x4cNCJJP8E&sp_cr=ZAZ,https://amazon.in/product-reviews/B0DHKJ5HWL/ref=cm_cr_dp_d_show_all_btm?ie=UTF8&reviewerType=all_reviews,2025-09-22 20:40:13
"boAt Rockerz 411 (2025 Launch), 40Ms Low Latency, 40Hrs Battery, 40Mm Drivers, Enx Tech, Integrated Controls, V5.4 Bluetooth Headphones, Wireless Over Ear Headphone with Mic (Bold Blue)",B0FC2W8WJM,boAt,"₹1,099","₹2,999",63% off,In Stock,4.2 out of 5 stars,"27,040","Amazon.com, Inc",https://www.amazon.in/sspa/click?ie=UTF8&spc=MTozODQ0MDgzNjAxODQxNzEyOjE3NTg1NTM4MTc6c3BfYXRmX25leHQ6MzAwNjA5NTU5MjEyOTMyOjowOjo&url=%2FboAt-Integrated-Bluetooth-Headphones-Headphone%2Fdp%2FB0FC2W8WJM%2Fref%3Dsr_1_17_sspa%3Fdib%3DeyJ2IjoiMSJ9.rAVL3OZsOjPr2_HNudqXQg5LwoWovoxOrWBnCyZ0VSufu2atlRgsUbUxV236WcSyd3Hs1lwM83cu7XwWLF7DpV-ManqU0OoKnwUzdtXUbvcE18qD4q0t1elzADKoPRBSKWsFDm4VK4VXeri2MgSht9foLbfSE1o7c6by98dhMppa2sx0v80Kiqv8EiDDecDXAtiENhJcJ1d9FwRj4rsLcDbP0fOxBnVg7b0qg9yQhz8.RPDAwQwIFRYren5Xj3Kz2KR8lCHCH9AziHgxf36n4uw%26dib_tag%3Dse%26keywords%3Dheadphones%26qid%3D1758553817%26sr%3D8-17-spons%26xpid%3DQ-XSjaBW2W0qe%26sp_csd%3Dd2lkZ2V0TmFtZT1zcF9hdGZfbmV4dA%26psc%3D1&aref=P1dpdlODYy&sp_cr=ZAZ,https://amazon.in/product-reviews/B0FC2W8WJM/ref=cm_cr_dp_d_show_all_btm?ie=UTF8&reviewerType=all_reviews,2025-09-22 20:40:21
"boAt Rockerz 421 (2025 Launch), 40Hrs Battery, Low Latency(40Ms), 40Mm Drivers, Enx Technology, Integrated Controls, V5.4 Bluetooth Headphones, Wireless Over Ear Headphone with Mic (Black Sabre)",B0F7M3Q8DV,boAt,"₹1,199","₹2,490",52% off,In Stock,4.3 out of 5 stars,616,"Amazon.com, Inc",https://www.amazon.in/sspa/click?ie=UTF8&spc=MTozODQ0MDgzNjAxODQxNzEyOjE3NTg1NTM4MTc6c3BfYXRmX25leHQ6MzAwNjQxMzY0OTQzODMyOjowOjo&url=%2FboAt-Rockerz-Technology-Integrated-Headphones%2Fdp%2FB0F7M3Q8DV%2Fref%3Dsr_1_18_sspa%3Fdib%3DeyJ2IjoiMSJ9.rAVL3OZsOjPr2_HNudqXQg5LwoWovoxOrWBnCyZ0VSufu2atlRgsUbUxV236WcSyd3Hs1lwM83cu7XwWLF7DpV-ManqU0OoKnwUzdtXUbvcE18qD4q0t1elzADKoPRBSKWsFDm4VK4VXeri2MgSht9foLbfSE1o7c6by98dhMppa2sx0v80Kiqv8EiDDecDXAtiENhJcJ1d9FwRj4rsLcDbP0fOxBnVg7b0qg9yQhz8.RPDAwQwIFRYren5Xj3Kz2KR8lCHCH9AziHgxf36n4uw%26dib_tag%3Dse%26keywords%3Dheadphones%26qid%3D1758553817%26sr%3D8-18-spons%26xpid%3DQ-XSjaBW2W0qe%26sp_csd%3Dd2lkZ2V0TmFtZT1zcF9hdGZfbmV4dA%26psc%3D1&aref=BlbiFHHIDP&sp_cr=ZAZ,https://amazon.in/product-reviews/B0F7M3Q8DV/ref=cm_cr_dp_d_show_all_btm?ie=UTF8&reviewerType=all_reviews,2025-09-22 20:40:25
"Ambrane Wired Headphones in Earphones with in-Line Mic for Clear Calling, 14Mm Dynamic Drivers for Boostedbass, 3.5Mm Jack, Multi-Functional Controller (Stringz 38 Lite, Blue)",B0DQPKH93F,Ambrane,₹179,₹449,60% off,In Stock,3.8 out of 5 stars,"6,709","Amazon.com, Inc",https://www.amazon.in/Ambrane-Boostedbass-Multi-Functional-Stringz-Lite/dp/B0DQPKH93F/ref=sr_1_19?dib=eyJ2IjoiMSJ9.rAVL3OZsOjPr2_HNudqXQg5LwoWovoxOrWBnCyZ0VSufu2atlRgsUbUxV236WcSyd3Hs1lwM83cu7XwWLF7DpV-ManqU0OoKnwUzdtXUbvcE18qD4q0t1elzADKoPRBSKWsFDm4VK4VXeri2MgSht9foLbfSE1o7c6by98dhMppa2sx0v80Kiqv8EiDDecDXAtiENhJcJ1d9FwRj4rsLcDbP0fOxBnVg7b0qg9yQhz8.RPDAwQwIFRYren5Xj3Kz2KR8lCHCH9AziHgxf36n4uw&dib_tag=se&keywords=headphones&qid=1758553817&sr=8-19&xpid=Q-XSjaBW2W0qe,https://amazon.in/product-reviews/B0DQPKH93F/ref=cm_cr_dp_d_show_all_btm?ie=UTF8&reviewerType=all_reviews,2025-09-22 20:40:29
"Sony WH-CH720N Active Noise Cancellation Wireless Bluetooth Over Ear Headphones with Mic, Adaptive Sound Control, Quick Charge, Up to 35Hrs Battery, Customized EQ- Black",B0BS1QCFHX,Sony,"₹7,899","₹14,990",47% off,In Stock,4.3 out of 5 stars,"12,548","Amazon.com, Inc",https://www.amazon.in/Sony-Cancellation-Headphones-Multi-Point-Connection/dp/B0BS1QCFHX/ref=sr_1_20?dib=eyJ2IjoiMSJ9.rAVL3OZsOjPr2_HNudqXQg5LwoWovoxOrWBnCyZ0VSufu2atlRgsUbUxV236WcSyd3Hs1lwM83cu7XwWLF7DpV-ManqU0OoKnwUzdtXUbvcE18qD4q0t1elzADKoPRBSKWsFDm4VK4VXeri2MgSht9foLbfSE1o7c6by98dhMppa2sx0v80Kiqv8EiDDecDXAtiENhJcJ1d9FwRj4rsLcDbP0fOxBnVg7b0qg9yQhz8.RPDAwQwIFRYren5Xj3Kz2KR8lCHCH9AziHgxf36n4uw&dib_tag=se&keywords=headphones&qid=1758553817&sr=8-20&xpid=Q-XSjaBW2W0qe,https://amazon.in/product-reviews/B0BS1QCFHX/ref=cm_cr_dp_d_show_all_btm?ie=UTF8&reviewerType=all_reviews,2025-09-22 20:40:33
"pTron Studio Evo 70hrs Playtime Wireless Over Ear Headphones with HD Mic, Low-Latency Game/Movie/Music Modes, Punchy Bass, BT5.3, Dual Device Pairing, Voice Assistant & Type-C Fast Charging (Beige)",B0FGTZ19JS,pTron,₹799,"₹3,199",75% off,In Stock,4.3 out of 5 stars,226,"Amazon.com, Inc",https://www.amazon.in/pTron-Studio-Headphones-Low-Latency-Assistant/dp/B0FGTZ19JS/ref=sr_1_21?dib=eyJ2IjoiMSJ9.rAVL3OZsOjPr2_HNudqXQg5LwoWovoxOrWBnCyZ0VSufu2atlRgsUbUxV236WcSyd3Hs1lwM83cu7XwWLF7DpV-ManqU0OoKnwUzdtXUbvcE18qD4q0t1elzADKoPRBSKWsFDm4VK4VXeri2MgSht9foLbfSE1o7c6by98dhMppa2sx0v80Kiqv8EiDDecDXAtiENhJcJ1d9FwRj4rsLcDbP0fOxBnVg7b0qg9yQhz8.RPDAwQwIFRYren5Xj3Kz2KR8lCHCH9AziHgxf36n4uw&dib_tag=se&keywords=headphones&qid=1758553817&sr=8-21&xpid=Q-XSjaBW2W0qe,https://amazon.in/product-reviews/B0FGTZ19JS/ref=cm_cr_dp_d_show_all_btm?ie=UTF8&reviewerType=all_reviews,2025-09-22 20:40:37
"JBL C100SI Wired In Ear Headphones With Mic, Pure Bass Sound, One Button Multi-Function Remote, Premium Metallic Finish, Angled Buds For Comfort Fit (Black)",B01DEWVZ2C,JBL,₹549,"₹1,299",58% off,In Stock,4.0 out of 5 stars,"202,567","Amazon.com, Inc",https://www.amazon.in/JBL-Headphones-Multi-function-Premium-Metallic/dp/B01DEWVZ2C/ref=sr_1_22?dib=eyJ2IjoiMSJ9.rAVL3OZsOjPr2_HNudqXQg5LwoWovoxOrWBnCyZ0VSufu2atlRgsUbUxV236WcSyd3Hs1lwM83cu7XwWLF7DpV-ManqU0OoKnwUzdtXUbvcE18qD4q0t1elzADKoPRBSKWsFDm4VK4VXeri2MgSht9foLbfSE1o7c6by98dhMppa2sx0v80Kiqv8EiDDecDXAtiENhJcJ1d9FwRj4rsLcDbP0fOxBnVg7b0qg9yQhz8.RPDAwQwIFRYren5Xj3Kz2KR8lCHCH9AziHgxf36n4uw&dib_tag=se&keywords=headphones&qid=1758553817&sr=8-22&xpid=Q-XSjaBW2W0qe,https://amazon.in/product-reviews/B01DEWVZ2C/ref=cm_cr_dp_d_show_all_btm?ie=UTF8&reviewerType=all_reviews,2025-09-22 20:40:40
"boAt Rockerz 425, ENx Tech, ASAP Charge, 25H Battery, Dual Pair, Stream Ad Free Music via App Support, Bluetooth Headphones, Wireless Over Ear Headphone with Mic (Ash Grey)",B09QL3K2GD,boAt,"₹1,099","₹2,999",63% off,In Stock,3.6 out of 5 stars,"4,825","Amazon.com, Inc",https://www.amazon.in/Rockerz-425-Bluetooth-Headphones-Signature/dp/B09QL3K2GD/ref=sr_1_23?dib=eyJ2IjoiMSJ9.rAVL3OZsOjPr2_HNudqXQg5LwoWovoxOrWBnCyZ0VSufu2atlRgsUbUxV236WcSyd3Hs1lwM83cu7XwWLF7DpV-ManqU0OoKnwUzdtXUbvcE18qD4q0t1elzADKoPRBSKWsFDm4VK4VXeri2MgSht9foLbfSE1o7c6by98dhMppa2sx0v80Kiqv8EiDDecDXAtiENhJcJ1d9FwRj4rsLcDbP0fOxBnVg7b0qg9yQhz8.RPDAwQwIFRYren5Xj3Kz2KR8lCHCH9AziHgxf36n4uw&dib_tag=se&keywords=headphones&qid=1758553817&sr=8-23&xpid=Q-XSjaBW2W0qe,https://amazon.in/product-reviews/B09QL3K2GD/ref=cm_cr_dp_d_show_all_btm?ie=UTF8&reviewerType=all_reviews,2025-09-22 20:40:44
Logitech H111 Wired On Ear Headphones With Mic Black,B00Y4ORQ46,Logitech,₹695,₹955,27% off,In Stock,3.9 out of 5 stars,"19,409","Amazon.com, Inc",https://www.amazon.in/Logitech-H111-Stero-Headset-Black/dp/B00Y4ORQ46/ref=sr_1_24?dib=eyJ2IjoiMSJ9.rAVL3OZsOjPr2_HNudqXQg5LwoWovoxOrWBnCyZ0VSufu2atlRgsUbUxV236WcSyd3Hs1lwM83cu7XwWLF7DpV-ManqU0OoKnwUzdtXUbvcE18qD4q0t1elzADKoPRBSKWsFDm4VK4VXeri2MgSht9foLbfSE1o7c6by98dhMppa2sx0v80Kiqv8EiDDecDXAtiENhJcJ1d9FwRj4rsLcDbP0fOxBnVg7b0qg9yQhz8.RPDAwQwIFRYren5Xj3Kz2KR8lCHCH9AziHgxf36n4uw&dib_tag=se&keywords=headphones&qid=1758553817&sr=8-24&xpid=Q-XSjaBW2W0qe,https://amazon.in/product-reviews/B00Y4ORQ46/ref=cm_cr_dp_d_show_all_btm?ie=UTF8&reviewerType=all_reviews,2025-09-22 20:40:48
"Sony WH-CH520 Wireless Bluetooth Headphones On Ear with Mic, Up to 50Hrs Battery, Quick Charge, DSEE Upscale, Multipoint Connectivity, Voice Assistant, Customized EQ-Black",B0BS1PRC4L,Sony,"₹3,899","₹5,990",35% off,In Stock,4.2 out of 5 stars,"23,408","Amazon.com, Inc",https://www.amazon.in/Sony-Bluetooth-Headphones-Multipoint-Connectivity/dp/B0BS1PRC4L/ref=sr_1_25?dib=eyJ2IjoiMSJ9.rAVL3OZsOjPr2_HNudqXQg5LwoWovoxOrWBnCyZ0VSufu2atlRgsUbUxV236WcSyd3Hs1lwM83cu7XwWLF7DpV-ManqU0OoKnwUzdtXUbvcE18qD4q0t1elzADKoPRBSKWsFDm4VK4VXeri2MgSht9foLbfSE1o7c6by98dhMppa2sx0v80Kiqv8EiDDecDXAtiENhJcJ1d9FwRj4rsLcDbP0fOxBnVg7b0qg9yQhz8.RPDAwQwIFRYren5Xj3Kz2KR8lCHCH9AziHgxf36n4uw&dib_tag=se&keywords=headphones&qid=1758553817&sr=8-25&xpid=Q-XSjaBW2W0qe,https://amazon.in/product-reviews/B0BS1PRC4L/ref=cm_cr_dp_d_show_all_btm?ie=UTF8&reviewerType=all_reviews,2025-09-22 20:40:51
"boAt New Launch Rockerz 650 Pro, Touch/Swipe Controls, Dolby Audio, 80Hrs Battery, 2Mics ENx, Fast Charge, App Support, Dual Pair, Bluetooth Over Ear Headphones with Mic (Iris Black)",B0DV5J28LW,boAt,"₹2,299","₹8,990",74% off,In Stock,4.2 out of 5 stars,"1,533","Amazon.com, Inc",https://www.amazon.in/boAt-Rockerz-650-Pro-Headphones/dp/B0DV5J28LW/ref=sr_1_26?dib=eyJ2IjoiMSJ9.rAVL3OZsOjPr2_HNudqXQg5LwoWovoxOrWBnCyZ0VSufu2atlRgsUbUxV236WcSyd3Hs1lwM83cu7XwWLF7DpV-ManqU0OoKnwUzdtXUbvcE18qD4q0t1elzADKoPRBSKWsFDm4VK4VXeri2MgSht9foLbfSE1o7c6by98dhMppa2sx0v80Kiqv8EiDDecDXAtiENhJcJ1d9FwRj4rsLcDbP0fOxBnVg7b0qg9yQhz8.RPDAwQwIFRYren5Xj3Kz2KR8lCHCH9AziHgxf36n4uw&dib_tag=se&keywords=headphones&qid=1758553817&sr=8-26&xpid=Q-XSjaBW2W0qe,https://amazon.in/product-reviews/B0DV5J28LW/ref=cm_cr_dp_d_show_all_btm?ie=UTF8&reviewerType=all_reviews,2025-09-22 20:40:55
"boAt New Launch Rockerz 650 Pro, Touch/Swipe Controls, Dolby Audio, 80Hrs Battery, 2Mics ENx, Fast Charge, App Support, Dual Pair, Bluetooth Over Ear Headphones with Mic (Iris Black)",B0DV5J28LW,boAt,"₹2,299","₹8,990",74% off,In Stock,4.2 out of 5 stars,"1,533","Amazon.com, Inc",https://www.amazon.in/sspa/click?ie=UTF8&spc=MTozODQ0MDgzNjAxODQxNzEyOjE3NTg1NTM4MTc6c3BfbXRmOjMwMDQ4OTk4OTk4MjUzMjo6MDo6&url=%2FboAt-Rockerz-650-Pro-Headphones%2Fdp%2FB0DV5J28LW%2Fref%3Dsr_1_27_sspa%3Fdib%3DeyJ2IjoiMSJ9.rAVL3OZsOjPr2_HNudqXQg5LwoWovoxOrWBnCyZ0VSufu2atlRgsUbUxV236WcSyd3Hs1lwM83cu7XwWLF7DpV-ManqU0OoKnwUzdtXUbvcE18qD4q0t1elzADKoPRBSKWsFDm4VK4VXeri2MgSht9foLbfSE1o7c6by98dhMppa2sx0v80Kiqv8EiDDecDXAtiENhJcJ1d9FwRj4rsLcDbP0fOxBnVg7b0qg9yQhz8.RPDAwQwIFRYren5Xj3Kz2KR8lCHCH9AziHgxf36n4uw%26dib_tag%3Dse%26keywords%3Dheadphones%26qid%3D1758553817%26sr%3D8-27-spons%26xpid%3DQ-XSjaBW2W0qe%26sp_csd%3Dd2lkZ2V0TmFtZT1zcF9tdGY%26psc%3D1&aref=lwDg3zjXJT&sp_cr=ZAZ,https://amazon.in/product-reviews/B0DV5J28LW/ref=cm_cr_dp_d_show_all_btm?ie=UTF8&reviewerType=all_reviews,2025-09-22 20:40:59
"boAt Rockerz 480 W/RGB LEDs, 6 Light Modes, 40Mm Drivers, Beast Mode, 60Hrs Playback, Enx Tech, BT V5.3, Adaptive Fit & Easy Access Controls, Bluetooth Over Ear Headphones(Black Sabre)",B0DGTSRX3R,boAt,"₹1,499","₹3,790",60% off,In Stock,4.1 out of 5 stars,"2,475","Amazon.com, Inc",https://www.amazon.in/sspa/click?ie=UTF8&spc=MTozODQ0MDgzNjAxODQxNzEyOjE3NTg1NTM4MTc6c3BfbXRmOjMwMDQ1MDYwODMxODgzMjo6MDo6&url=%2FboAt-Rockerz-480-Bluetooth-Headphones%2Fdp%2FB0DGTSRX3R%2Fref%3Dsr_1_28_sspa%3Fdib%3DeyJ2IjoiMSJ9.rAVL3OZsOjPr2_HNudqXQg5LwoWovoxOrWBnCyZ0VSufu2atlRgsUbUxV236WcSyd3Hs1lwM83cu7XwWLF7DpV-ManqU0OoKnwUzdtXUbvcE18qD4q0t1elzADKoPRBSKWsFDm4VK4VXeri2MgSht9foLbfSE1o7c6by98dhMppa2sx0v80Kiqv8EiDDecDXAtiENhJcJ1d9FwRj4rsLcDbP0fOxBnVg7b0qg9yQhz8.RPDAwQwIFRYren5Xj3Kz2KR8lCHCH9AziHgxf36n4uw%26dib_tag%3Dse%26keywords%3Dheadphones%26qid%3D1758553817%26sr%3D8-28-spons%26xpid%3DQ-XSjaBW2W0qe%26sp_csd%3Dd2lkZ2V0TmFtZT1zcF9tdGY%26psc%3D1&aref=dLNZnmTyAF&sp_cr=ZAZ,https://amazon.in/product-reviews/B0DGTSRX3R/ref=cm_cr_dp_d_show_all_btm?ie=UTF8&reviewerType=all_reviews,2025-09-22 20:41:03
"Portronics Muffs M2 Bluetooth Headphones Over Ear with Upto 40 Hrs Playtime, 40mm Dynamic Drivers, AUX 3.5mm, Powerful Bass, Laptop & PC Support,Type C Charging Port, Foldable Design(White)",B0C4HDNDGN,Portronics,₹749,"₹2,499",70% off,In Stock,3.9 out of 5 stars,778,"Amazon.com, Inc",https://www.amazon.in/Portronics-Bluetooth-Headphones-Playtime-Powerful/dp/B0C4HDNDGN/ref=sr_1_29?dib=eyJ2IjoiMSJ9.rAVL3OZsOjPr2_HNudqXQg5LwoWovoxOrWBnCyZ0VSufu2atlRgsUbUxV236WcSyd3Hs1lwM83cu7XwWLF7DpV-ManqU0OoKnwUzdtXUbvcE18qD4q0t1elzADKoPRBSKWsFDm4VK4VXeri2MgSht9foLbfSE1o7c6by98dhMppa2sx0v80Kiqv8EiDDecDXAtiENhJcJ1d9FwRj4rsLcDbP0fOxBnVg7b0qg9yQhz8.RPDAwQwIFRYren5Xj3Kz2KR8lCHCH9AziHgxf36n4uw&dib_tag=se&keywords=headphones&qid=1758553817&sr=8-29&xpid=Q-XSjaBW2W0qe,https://amazon.in/product-reviews/B0C4HDNDGN/ref=cm_cr_dp_d_show_all_btm?ie=UTF8&reviewerType=all_reviews,2025-09-22 20:41:07
"Zebronics Zeb-Storm On Ear Wired Headphone with 3.5mm Jack, Built in Microphone for Calling, 1.5 Meter Cable, Soft Ear Cushion, Adjustable Headband, Foldable Ear Cups and Lightweight Design (Black)",B0B4G44RFS,Zebronics,₹399,₹799,50% off,In Stock,3.7 out of 5 stars,"2,647","Amazon.com, Inc",https://www.amazon.in/ZEBRONICS-Zeb-Storm-Microphone-Adjustable-Lightweight/dp/B0B4G44RFS/ref=sr_1_30?dib=eyJ2IjoiMSJ9.rAVL3OZsOjPr2_HNudqXQg5LwoWovoxOrWBnCyZ0VSufu2atlRgsUbUxV236WcSyd3Hs1lwM83cu7XwWLF7DpV-ManqU0OoKnwUzdtXUbvcE18qD4q0t1elzADKoPRBSKWsFDm4VK4VXeri2MgSht9foLbfSE1o7c6by98dhMppa2sx0v80Kiqv8EiDDecDXAtiENhJcJ1d9FwRj4rsLcDbP0fOxBnVg7b0qg9yQhz8.RPDAwQwIFRYren5Xj3Kz2KR8lCHCH9AziHgxf36n4uw&dib_tag=se&keywords=headphones&qid=1758553817&sr=8-30&xpid=Q-XSjaBW2W0qe,https://amazon.in/product-reviews/B0B4G44RFS/ref=cm_cr_dp_d_show_all_btm?ie=UTF8&reviewerType=all_reviews,2025-09-22 20:41:11
"GOBOULT Q Over Ear Bluetooth Headphones with 70H Playtime, 40mm Bass Drivers, Zen™ ENC Mic, Type-C Fast Charging, 4 EQ Modes, AUX Option, IPX5 Headphones Wireless with mic (Black)",B0DFHFH16K,GOBOULT,"₹1,499","₹5,999",75% off,In Stock,4.0 out of 5 stars,"4,257","Amazon.com, Inc",https://www.amazon.in/Boult-Bluetooth-Headphones-Playtime-Charging/dp/B0DFHFH16K/ref=sr_1_31?dib=eyJ2IjoiMSJ9.rAVL3OZsOjPr2_HNudqXQg5LwoWovoxOrWBnCyZ0VSufu2atlRgsUbUxV236WcSyd3Hs1lwM83cu7XwWLF7DpV-ManqU0OoKnwUzdtXUbvcE18qD4q0t1elzADKoPRBSKWsFDm4VK4VXeri2MgSht9foLbfSE1o7c6by98dhMppa2sx0v80Kiqv8EiDDecDXAtiENhJcJ1d9FwRj4rsLcDbP0fOxBnVg7b0qg9yQhz8.RPDAwQwIFRYren5Xj3Kz2KR8lCHCH9AziHgxf36n4uw&dib_tag=se&keywords=headphones&qid=1758553817&sr=8-31&xpid=Q-XSjaBW2W0qe,https://amazon.in/product-reviews/B0DFHFH16K/ref=cm_cr_dp_d_show_all_btm?ie=UTF8&reviewerType=all_reviews,2025-09-22 20:41:14
"boAt Rockerz 450, 15 HRS Battery, 40mm Drivers, Padded Ear Cushions, Integrated Controls, Dual Modes, On Ear Bluetooth Headphones, Wireless Headphone with Mic (Luscious Black)",B07PR1CL3S,boAt,"₹1,299","₹3,990",67% off,In Stock,4.0 out of 5 stars,"120,158","Amazon.com, Inc",https://www.amazon.in/Rockerz-450-Wireless-Bluetooth-Headphone/dp/B07PR1CL3S/ref=sr_1_32?dib=eyJ2IjoiMSJ9.rAVL3OZsOjPr2_HNudqXQg5LwoWovoxOrWBnCyZ0VSufu2atlRgsUbUxV236WcSyd3Hs1lwM83cu7XwWLF7DpV-ManqU0OoKnwUzdtXUbvcE18qD4q0t1elzADKoPRBSKWsFDm4VK4VXeri2MgSht9foLbfSE1o7c6by98dhMppa2sx0v80Kiqv8EiDDecDXAtiENhJcJ1d9FwRj4rsLcDbP0fOxBnVg7b0qg9yQhz8.RPDAwQwIFRYren5Xj3Kz2KR8lCHCH9AziHgxf36n4uw&dib_tag=se&keywords=headphones&qid=1758553817&sr=8-32&xpid=Q-XSjaBW2W0qe,https://amazon.in/product-reviews/B07PR1CL3S/ref=cm_cr_dp_d_show_all_btm?ie=UTF8&reviewerType=all_reviews,2025-09-22 20:41:18
"boAt Rockerz 412 (2025 Launch), 60Hrs Battery, 40Mm Drivers, 40Ms Low Latency, Enx Tech, Integrated Controls, V5.4 Bluetooth Headphones, Wireless Over Ear Headphone with Mic (Bold Blue)",B0FC2YZHHY,boAt,"₹1,199","₹2,999",60% off,In Stock,3.7 out of 5 stars,130,"Amazon.com, Inc",https://www.amazon.in/boAt-Integrated-Bluetooth-Headphones-Headphone/dp/B0FC2YZHHY/ref=sr_1_33?dib=eyJ2IjoiMSJ9.rAVL3OZsOjPr2_HNudqXQg5LwoWovoxOrWBnCyZ0VSufu2atlRgsUbUxV236WcSyd3Hs1lwM83cu7XwWLF7DpV-ManqU0OoKnwUzdtXUbvcE18qD4q0t1elzADKoPRBSKWsFDm4VK4VXeri2MgSht9foLbfSE1o7c6by98dhMppa2sx0v80Kiqv8EiDDecDXAtiENhJcJ1d9FwRj4rsLcDbP0fOxBnVg7b0qg9yQhz8.RPDAwQwIFRYren5Xj3Kz2KR8lCHCH9AziHgxf36n4uw&dib_tag=se&keywords=headphones&qid=1758553817&sr=8-33&xpid=Q-XSjaBW2W0qe,https://amazon.in/product-reviews/B0FC2YZHHY/ref=cm_cr_dp_d_show_all_btm?ie=UTF8&reviewerType=all_reviews,2025-09-22 20:41:22
"ZEBRONICS Jet Premium Wired Gaming On Ear Headphone with LED Light for earcups, 40mm Neodymium Drivers, 2 Meter Braided Cable, Flexible mic, Suspension Headband, 3.5mm + USB Connector (Black + Blue)",B0B5RL2G3S,ZEBRONICS,₹683,"₹1,699",60% off,In Stock,3.9 out of 5 stars,"4,147","Amazon.com, Inc",https://www.amazon.in/ZEBRONICS-Headphone-Neodymium-Suspension-Controller/dp/B0B5RL2G3S/ref=sr_1_34?dib=eyJ2IjoiMSJ9.rAVL3OZsOjPr2_HNudqXQg5LwoWovoxOrWBnCyZ0VSufu2atlRgsUbUxV236WcSyd3Hs1lwM83cu7XwWLF7DpV-ManqU0OoKnwUzdtXUbvcE18qD4q0t1elzADKoPRBSKWsFDm4VK4VXeri2MgSht9foLbfSE1o7c6by98dhMppa2sx0v80Kiqv8EiDDecDXAtiENhJcJ1d9FwRj4rsLcDbP0fOxBnVg7b0qg9yQhz8.RPDAwQwIFRYren5Xj3Kz2KR8lCHCH9AziHgxf36n4uw&dib_tag=se&keywords=headphones&qid=1758553817&sr=8-34&xpid=Q-XSjaBW2W0qe,https://amazon.in/product-reviews/B0B5RL2G3S/ref=cm_cr_dp_d_show_all_btm?ie=UTF8&reviewerType=all_reviews,2025-09-22 20:41:25
"Sony WH-1000XM4 Industry Leading Wireless Noise Cancellation Bluetooth Over Ear Headphones with Mic for Phone Calls, 30 Hours Battery Life, Quick Charge, AUX, Touch Control and Voice Control - Black",B0863TXGM3,Sony,"₹19,990","₹29,990",33% off,In Stock,4.5 out of 5 stars,"56,918","Amazon.com, Inc",https://www.amazon.in/Sony-WH-1000XM4-Cancelling-Headphones-Bluetooth/dp/B0863TXGM3/ref=sr_1_35?dib=eyJ2IjoiMSJ9.rAVL3OZsOjPr2_HNudqXQg5LwoWovoxOrWBnCyZ0VSufu2atlRgsUbUxV236WcSyd3Hs1lwM83cu7XwWLF7DpV-ManqU0OoKnwUzdtXUbvcE18qD4q0t1elzADKoPRBSKWsFDm4VK4VXeri2MgSht9foLbfSE1o7c6by98dhMppa2sx0v80Kiqv8EiDDecDXAtiENhJcJ1d9FwRj4rsLcDbP0fOxBnVg7b0qg9yQhz8.RPDAwQwIFRYren5Xj3Kz2KR8lCHCH9AziHgxf36n4uw&dib_tag=se&keywords=headphones&qid=1758553817&sr=8-35&xpid=Q-XSjaBW2W0qe,https://amazon.in/product-reviews/B0863TXGM3/ref=cm_cr_dp_d_show_all_btm?ie=UTF8&reviewerType=all_reviews,2025-09-22 20:41:29
"Razer BlackShark V2 X Wired Gaming On Ear Headset - Black|7.1 Surround Sound-50mm Drivers-Memory Foam Cushion-for PC,PS4,PS5,Switch,Xbox One,Xbox Series X|S,Mobile-3.5mm Audio Jack-RZ04-03240100-R3M1",B08WBJHVYV,Razer,"₹2,895","₹7,999",64% off,In Stock,4.2 out of 5 stars,"1,329","Amazon.com, Inc",https://www.amazon.in/Razer-BlackShark-V2-Headset-RZ04-03240100-R3M1/dp/B08WBJHVYV/ref=sr_1_36?dib=eyJ2IjoiMSJ9.rAVL3OZsOjPr2_HNudqXQg5LwoWovoxOrWBnCyZ0VSufu2atlRgsUbUxV236WcSyd3Hs1lwM83cu7XwWLF7DpV-ManqU0OoKnwUzdtXUbvcE18qD4q0t1elzADKoPRBSKWsFDm4VK4VXeri2MgSht9foLbfSE1o7c6by98dhMppa2sx0v80Kiqv8EiDDecDXAtiENhJcJ1d9FwRj4rsLcDbP0fOxBnVg7b0qg9yQhz8.RPDAwQwIFRYren5Xj3Kz2KR8lCHCH9AziHgxf36n4uw&dib_tag=se&keywords=headphones&qid=1758553817&sr=8-36&xpid=Q-XSjaBW2W0qe,https://amazon.in/product-reviews/B08WBJHVYV/ref=cm_cr_dp_d_show_all_btm?ie=UTF8&reviewerType=all_reviews,2025-09-22 20:41:33
"boAt Rockerz 512 ANC,(~40dB) Hybrid ANC, 80H Battery, 40mm Drivers, 40ms Low Latency, ENx Tech,Stream Ad Free Music via App Support, Bluetooth Headphones, Wireless Headphone with Mic (Cosmic Black)",B0FG2QT7H2,boAt,"₹2,559","₹7,990",68% off,In Stock,4.2 out of 5 stars,"30,274","Amazon.com, Inc",https://www.amazon.in/sspa/click?ie=UTF8&spc=MTozODQ0MDgzNjAxODQxNzEyOjE3NTg1NTM4MTc6c3BfYnRmOjMwMDY1MDM2MTk3NzMzMjo6MDo6&url=%2FboAt-Playback-Bluetooth-Headphones-Headphone%2Fdp%2FB0FG2QT7H2%2Fref%3Dsr_1_37_sspa%3Fdib%3DeyJ2IjoiMSJ9.rAVL3OZsOjPr2_HNudqXQg5LwoWovoxOrWBnCyZ0VSufu2atlRgsUbUxV236WcSyd3Hs1lwM83cu7XwWLF7DpV-ManqU0OoKnwUzdtXUbvcE18qD4q0t1elzADKoPRBSKWsFDm4VK4VXeri2MgSht9foLbfSE1o7c6by98dhMppa2sx0v80Kiqv8EiDDecDXAtiENhJcJ1d9FwRj4rsLcDbP0fOxBnVg7b0qg9yQhz8.RPDAwQwIFRYren5Xj3Kz2KR8lCHCH9AziHgxf36n4uw%26dib_tag%3Dse%26keywords%3Dheadphones%26qid%3D1758553817%26sr%3D8-37-spons%26xpid%3DQ-XSjaBW2W0qe%26sp_csd%3Dd2lkZ2V0TmFtZT1zcF9idGY%26psc%3D1&aref=S1Oo4gnOJh&sp_cr=ZAZ,https://amazon.in/product-reviews/B0FG2QT7H2/ref=cm_cr_dp_d_show_all_btm?ie=UTF8&reviewerType=all_reviews,2025-09-22 20:41:39
"HP H300 Over Ear Wireless Headset, Black",B0D1XVTKR5,HP,"₹1,199","₹3,749",68% off,In Stock,3.5 out of 5 stars,84,"Amazon.com, Inc",https://www.amazon.in/sspa/click?ie=UTF8&spc=MTozODQ0MDgzNjAxODQxNzEyOjE3NTg1NTM4MTc6c3BfYnRmOjMwMDQzODk4MzQ2NjczMjo6MDo6&url=%2FHP-H300-Wireless-Headset%2Fdp%2FB0D1XVTKR5%2Fref%3Dsr_1_38_sspa%3Fdib%3DeyJ2IjoiMSJ9.rAVL3OZsOjPr2_HNudqXQg5LwoWovoxOrWBnCyZ0VSufu2atlRgsUbUxV236WcSyd3Hs1lwM83cu7XwWLF7DpV-ManqU0OoKnwUzdtXUbvcE18qD4q0t1elzADKoPRBSKWsFDm4VK4VXeri2MgSht9foLbfSE1o7c6by98dhMppa2sx0v80Kiqv8EiDDecDXAtiENhJcJ1d9FwRj4rsLcDbP0fOxBnVg7b0qg9yQhz8.RPDAwQwIFRYren5Xj3Kz2KR8lCHCH9AziHgxf36n4uw%26dib_tag%3Dse%26keywords%3Dheadphones%26qid%3D1758553817%26sr%3D8-38-spons%26xpid%3DQ-XSjaBW2W0qe%26sp_csd%3Dd2lkZ2V0TmFtZT1zcF9idGY%26psc%3D1&aref=fahvcpAeeg&sp_cr=ZAZ,https://amazon.in/product-reviews/B0D1XVTKR5/ref=cm_cr_dp_d_show_all_btm?ie=UTF8&reviewerType=all_reviews,2025-09-22 20:41:43
